<?xml version="1.0" encoding="UTF-8"?>
<configuration>
    <!-- 日志存放路径 -->
    <!--	<property name="log.path" value="/Users//logs" />-->
    <!-- 日志输出格式 -->
    <property name="log.pattern" value="%d{HH:mm:ss.SSS} [%thread] %-5level %logger{20} - [%method,%line] - %msg%n"/>

    <!-- 控制台输出 -->
    <appender name="console" class="ch.qos.logback.core.ConsoleAppender">
        <encoder>
            <pattern>${log.pattern}</pattern>
        </encoder>
    </appender>

    <!-- 系统日志输出 -->
    <!--	<appender name="file_info" class="ch.qos.logback.core.rolling.RollingFileAppender">-->
    <!--	    <file>${log.path}/sys-info.log</file>-->
    <!--        &lt;!&ndash; 循环政策：基于时间创建日志文件 &ndash;&gt;-->
    <!--		<rollingPolicy class="ch.qos.logback.core.rolling.TimeBasedRollingPolicy">-->
    <!--            &lt;!&ndash; 日志文件名格式 &ndash;&gt;-->
    <!--			<fileNamePattern>${log.path}/sys-info.%d{yyyy-MM-dd}.log</fileNamePattern>-->
    <!--			&lt;!&ndash; 日志最大的历史 60天 &ndash;&gt;-->
    <!--			<maxHistory>60</maxHistory>-->
    <!--		</rollingPolicy>-->
    <!--		<encoder>-->
    <!--			<pattern>${log.pattern}</pattern>-->
    <!--		</encoder>-->
    <!--		<filter class="ch.qos.logback.classic.filter.LevelFilter">-->
    <!--            &lt;!&ndash; 过滤的级别 &ndash;&gt;-->
    <!--            <level>INFO</level>-->
    <!--            &lt;!&ndash; 匹配时的操作：接收（记录） &ndash;&gt;-->
    <!--            <onMatch>ACCEPT</onMatch>-->
    <!--            &lt;!&ndash; 不匹配时的操作：拒绝（不记录） &ndash;&gt;-->
    <!--            <onMismatch>DENY</onMismatch>-->
    <!--        </filter>-->
    <!--	</appender>-->
    <!--	-->
    <!--	<appender name="file_error" class="ch.qos.logback.core.rolling.RollingFileAppender">-->
    <!--	    <file>${log.path}/sys-error.log</file>-->
    <!--        &lt;!&ndash; 循环政策：基于时间创建日志文件 &ndash;&gt;-->
    <!--        <rollingPolicy class="ch.qos.logback.core.rolling.TimeBasedRollingPolicy">-->
    <!--            &lt;!&ndash; 日志文件名格式 &ndash;&gt;-->
    <!--            <fileNamePattern>${log.path}/sys-error.%d{yyyy-MM-dd}.log</fileNamePattern>-->
    <!--			&lt;!&ndash; 日志最大的历史 60天 &ndash;&gt;-->
    <!--			<maxHistory>60</maxHistory>-->
    <!--        </rollingPolicy>-->
    <!--        <encoder>-->
    <!--            <pattern>${log.pattern}</pattern>-->
    <!--        </encoder>-->
    <!--        <filter class="ch.qos.logback.classic.filter.LevelFilter">-->
    <!--            &lt;!&ndash; 过滤的级别 &ndash;&gt;-->
    <!--            <level>ERROR</level>-->
    <!--			&lt;!&ndash; 匹配时的操作：接收（记录） &ndash;&gt;-->
    <!--            <onMatch>ACCEPT</onMatch>-->
    <!--			&lt;!&ndash; 不匹配时的操作：拒绝（不记录） &ndash;&gt;-->
    <!--            <onMismatch>DENY</onMismatch>-->
    <!--        </filter>-->
    <!--    </appender>-->

    <!-- 用户访问日志输出  -->
    <!--    <appender name="sys-user" class="ch.qos.logback.core.rolling.RollingFileAppender">-->
    <!--		<file>${log.path}/sys-user.log</file>-->
    <!--        <rollingPolicy class="ch.qos.logback.core.rolling.TimeBasedRollingPolicy">-->
    <!--            &lt;!&ndash; 按天回滚 daily &ndash;&gt;-->
    <!--            <fileNamePattern>${log.path}/sys-user.%d{yyyy-MM-dd}.log</fileNamePattern>-->
    <!--            &lt;!&ndash; 日志最大的历史 60天 &ndash;&gt;-->
    <!--            <maxHistory>60</maxHistory>-->
    <!--        </rollingPolicy>-->
    <!--        <encoder>-->
    <!--            <pattern>${log.pattern}</pattern>-->
    <!--        </encoder>-->
    <!--    </appender>-->

    <!-- 系统模块日志级别控制  -->
    <logger name="com.example" level="info"/>
    <!-- Spring日志级别控制  -->
    <logger name="org.springframework" level="warn"/>

    <root level="info">
        <appender-ref ref="console"/>
    </root>

    <!--系统操作日志-->
    <!--    <root level="info">-->
    <!--        <appender-ref ref="file_info" />-->
    <!--        <appender-ref ref="file_error" />-->
    <!--    </root>-->

    <!--系统用户操作日志-->
    <logger name="sys-user" level="info">
        <appender-ref ref="console"/>
        <!--        <appender-ref ref="sys-user"/>-->
    </logger>
</configuration> 